url,title
http://gihyo.jp/dp/ebook/2021/978-4-297-11810-5,Oracle Cloud Infrastructure エンタープライズ構築実践ガイド
http://gihyo.jp/dp/ebook/2021/978-4-297-11749-8,図解即戦力 図解即戦力商社のしくみとビジネスがこれ1 冊でしっかりわかる教科書
http://gihyo.jp/dp/ebook/2021/978-4-297-11741-2,図解即戦力 図解即戦力金融のしくみがこれ1冊でしっかりわかる教科書
http://gihyo.jp/dp/ebook/2021/978-4-297-11796-2,今すぐ使えるかんたん 今すぐ使えるかんたんZoom ビデオ会議やオンライン授業で活用する本
http://gihyo.jp/dp/ebook/2021/978-4-297-11844-0,かがくのえほん 重力波発見の物語
http://gihyo.jp/dp/ebook/2021/978-4-297-11743-6,今すぐ使えるかんたんmini 今すぐ使えるかんたんminiSONY RX100 基本＆応用撮影ガイド［RX100VII／RX100VI／RX100V完全対応］
http://gihyo.jp/dp/ebook/2020/978-4-297-11794-8,音声UX〜ことばをデザインするための111の法則
http://gihyo.jp/dp/ebook/2020/978-4-297-11806-8,AIセキュリティから学ぶ ディープラーニング［技術］入門
http://gihyo.jp/dp/ebook/2020/978-4-297-11820-4,ネットショップ運営 攻略大全
http://gihyo.jp/dp/ebook/2020/978-4-297-11869-3,ゼロからはじめる ゼロからはじめるドコモ Galaxy A21 SC-42A スマートガイド
http://gihyo.jp/dp/ebook/2020/978-4-297-11774-0,改訂新版 衛生管理者 第1種・第2種 合格教本
http://gihyo.jp/dp/ebook/2020/978-4-297-11812-9,WEB+DB PRESS Vol.120
http://gihyo.jp/dp/ebook/2020/978-4-297-11772-6,今すぐ使えるかんたん 今すぐ使えるかんたんPremiere Elements 2021［2021/2020対応］
http://gihyo.jp/dp/ebook/2020/978-4-297-11756-6,ゼロからはじめる ゼロからはじめるdocomoアプリ・サービス活用ガイド［改訂2版］
http://gihyo.jp/dp/ebook/2020/978-4-297-11897-6,ゼロからはじめる ゼロからはじめるau Xperia 5 II SOG02 スマートガイド
http://gihyo.jp/dp/ebook/2020/978-4-297-11770-2,10才からはじめるプログラミング MakeCode Arcadeで自分だけのゲームを作ろう
http://gihyo.jp/dp/ebook/2020/978-4-297-11766-5,あっという間に スマホでかんたん確定申告
http://gihyo.jp/dp/ebook/2020/978-4-297-11802-0,情報処理技術者試験 令和03年【上半期】基本情報技術者 パーフェクトラーニング過去問題集
http://gihyo.jp/dp/ebook/2020/978-4-297-11866-2,ゼロからはじめる ゼロからはじめるau Galaxy A51 5G SCG07 スマートガイド
http://gihyo.jp/dp/ebook/2020/978-4-297-11753-5,やるべきことがすぐわかる！ SDGs実践入門～中小企業経営者＆担当者が知っておくべき85の原則
http://gihyo.jp/dp/ebook/2020/978-4-297-11828-0,ゼロからはじめる ゼロからはじめるiPhone 12 mini スマートガイド ドコモ完全対応版
http://gihyo.jp/dp/ebook/2020/978-4-297-11830-3,ゼロからはじめる ゼロからはじめるiPhone 12 mini スマートガイド ソフトバンク完全対応版
http://gihyo.jp/dp/ebook/2020/978-4-297-11832-7,ゼロからはじめる ゼロからはじめるiPhone 12 mini スマートガイド au完全対応版
http://gihyo.jp/dp/ebook/2020/978-4-297-11288-2,Software Design 2021年1月号
http://gihyo.jp/dp/ebook/2020/978-4-297-11745-0,今すぐ使えるかんたん 今すぐ使えるかんたんYouTube入門［改訂2版］
http://gihyo.jp/dp/ebook/2020/978-4-297-11747-4,たった1日で基本が身に付く！ たった1日で基本が身に付く！Unity 超入門
http://gihyo.jp/dp/ebook/2020/978-4-297-11804-4,情報処理安全確保支援士試験 令和03年【春期】情報処理安全確保支援士 パーフェクトラーニング過去問題集
http://gihyo.jp/dp/ebook/2020/978-4-297-11798-6,情報処理技術者試験 令和03年【春期】応用情報技術者 パーフェクトラーニング過去問題集
http://gihyo.jp/dp/ebook/2020/978-4-297-11761-0,情報処理技術者試験 令和03年【上半期】ITパスポート パーフェクトラーニング過去問題集
http://gihyo.jp/dp/ebook/2020/978-4-297-11776-4,情報処理安全確保支援士試験 令和03年【春期】【秋期】情報処理安全確保支援士 合格教本
